"","test_sequences","DeepCas9_HL60_score","DeepCas9_mEL4_score","DeepCas9_293T_score","DeepCas9_score"
"1","AGGTGCTGCATAATACGCGGGACCTGGAAG","0.893537282943726","0.216726616024971","0.361970186233521","0.598705020546913"
"2","CACTGCTAGAAGTTATCACCACGAAGGTAA","1.1980504989624","0.968561410903931","0.868604063987732","1.05331875085831"
"3","GCCGGATGTGGTTGCTCGGCATCCCGGGGT","0.683580756187439","0.224132120609283","0.174238309264183","0.438888294994831"
"4","CTGCAGAGCTTCTCCTGCATCGAGAGGCAG","0.75059700012207","0.845170617103577","0.877583861351013","0.807607781887054"
"5","ACCGACTACAGCACAAATAGATACAGGTAA","0.94092857837677","0.894330024719238","0.335653752088547","0.750026419758797"
"6","TCCAGCAATGCTATCCATTGGGGCAGGTAT","0.629799783229828","0.618291854858398","0.22804394364357","0.506971445679665"
"7","GGTCTGAGCGTCCGCAGTTGTCGCTGGTTC","0.381474912166595","0.263489902019501","0.246030673384666","0.317244638502598"
"8","ATCTTCATCCACTGGTGCAGGGGTTGGTGT","0.996450185775757","0.236556753516197","0.27766478061676","0.628835877776146"
"9","AATGATGAGCCTTATGTCTCTGCATGGTGA","0.293678849935532","0.842023015022278","0.372884839773178","0.427109479904175"
"10","CCCTGTACGACAGACAAGGGCAGCCGGTGG","0.672155857086182","0.684880137443542","0.726863622665405","0.691113042831421"
"11","TGTTTGCATCCATCCTCTCACTGCTGGCCC","0.760294318199158","0.137745782732964","0.246939718723297","0.481778231263161"
"12","CCCAGCTGAGGGTTGGACAACAGGTGGAGC","1.24186313152313","1.23339581489563","1.29621279239655","1.25647456645966"
"13","TATAGTTGGAGAAAATTTCTTTGACGGGCT","0.261126160621643","0.729032099246979","0.455127567052841","0.41290777027607"
"14","TCATCGGCTGCAATCGTATCAACCTGGACA","0.55847430229187","0.708606898784637","0.30850812792778","0.513510969281197"
"15","CGCTGAATTGGGGACACATTGTCCTGGAAC","0.940200805664062","0.453122198581696","0.0149036347866058","0.565195932984352"
"16","CCACAATATCTCGCCCACAAATGGAGGACA","0.965851545333862","0.966065883636475","0.628209829330444","0.864601898193359"
"17","GGAGCATCTTGATAGGTTGCAGTCAGGTAA","0.0133954584598541","0.379511803388596","0.333561718463898","0.182668605446815"
"18","TCAGGGAGTGGTCCAATCCAACTGTGGCAG","1.50032818317413","1.25758337974548","0.764108538627625","1.23091332912445"
"19","TTATTCTTACCTTGCTACTTCATCTGGGTC","-0.183755964040756","-0.0849252641201019","-0.021856963634491","-0.115420123934746"
"20","ACATCCCCGCAATTCAGTACCTGTCGGTTT","0.615010321140289","0.685010433197021","0.632245898246765","0.634181016683579"
"21","TTCAGAGTCTTTATTCCGTAGCTCGGGCTG","0.310489177703857","0.676200866699219","-0.0220251977443695","0.283877202868462"
"22","ATCTTCATCTCGGTGGACAATATGTGGTTT","0.901256799697876","1.01122915744781","0.662598967552185","0.851653921604157"
"23","ACGCTTGTTCATTTAGGCTTACCATGGCTT","1.04604303836823","0.799559712409973","0.104153856635094","0.714179618656635"
"24","TCGTCCTCGGAGACATAGCCAGCGGGGTAA","0.787818431854248","1.14005267620087","1.20980608463287","0.984861576557159"
"25","AAAGAGGACGACTAGTTGGAAAGGTGGGTT","0.790695428848267","0.645413398742676","0.418920874595642","0.650106656551361"
"26","GAATACAACACACGTCTTACCTTCTGGGTT","-0.0909111201763153","-0.0426915884017944","-0.0675653219223022","-0.0742634743452072"
"27","CGATACAAACGGAGCACCAAAAAGTGGTAC","1.12715697288513","0.953861594200134","0.889649510383606","1.02124565839767"
"28","GCACCTTGAACTGCACATCTAAACTGGACA","0.13830192387104","0.412002623081207","0.203271880745888","0.212533050775528"
"29","CCTACTACATCCAGTTCGTAAGTATGGTTG","0.393935680389404","0.798918724060059","0.360319286584854","0.46484737098217"
"30","TAATGCCATTCGCTGCGACCGCTGCGGCCG","0.927953839302063","1.02484238147736","0.485333204269409","0.814545357227325"
"31","CTCCAACTCTGCCCATCCCGCCAAAGGAAC","0.718362748622894","0.743201553821564","0.270703285932541","0.589032670855522"
"32","AAGAGACAGCCACCTCGCTTATGAAGGTAA","1.07385301589966","0.549191534519196","0.494264185428619","0.795044070482254"
"33","ACTACGTATATATAAGGGGCTCAGCGGACA","0.569504380226135","0.93176794052124","0.629963874816895","0.660094940662384"
"34","CCAGAAGAGAGGTCCCAATACAAAAGGCCC","0.724820673465729","0.92853307723999","0.173323556780815","0.600114019215107"
"35","CACTGGTTGAGACTGAGATTGTGACGGATT","0.997704863548279","0.893224358558655","0.609626889228821","0.860385370254517"
"36","AAATTATTGGACCATGACGAGAGAGGGCTT","0.981474637985229","1.01734268665314","0.606961071491241","0.876294177770615"
"37","CAGTTTCAAAAGGAGACGAAGACGAGGAGC","1.10736858844757","0.696945011615753","0.923160791397095","0.970021533966064"
"38","CATACTGCGAATGCACTTACCGACTGGGCA","-0.0331995487213135","0.236107900738716","0.161162734031677","0.0789706259965897"
"39","TTCGTCTTAGTCAAAGGGCCGAATTGGATC","0.263269782066345","0.296044886112213","0.042481005191803","0.203588169813156"
"40","TGTTTACACCCCGATCTGTATACCTGGATA","0.489357799291611","0.494807422161102","0.00447848439216614","0.344983929395676"
"41","AGGTGGGTCATTCTGTCACTGACTTGGTTC","0.430060148239136","0.259830594062805","-0.0565830171108246","0.250021287798882"
"42","CGGTGCTACGGTAGGGGTAGTAGTAGGGAA","0.553661942481995","0.64923095703125","0.373173981904984","0.518629357218742"
"43","TCTGACGTAGAGGCTGACGTCACGAGGCTG","0.800796866416931","0.99283766746521","1.01923084259033","0.904735219478607"
"44","AAAGCTTTGTATCCGACGGTACGTTGGGTA","0.590530872344971","0.552154183387756","-0.0534759759902954","0.389653480052948"
"45","TTCCTCCCGTACAGTCGCCGGTATCGGAAT","0.0740751624107361","-0.0265417098999023","-0.101441264152527","0.00129685997962951"
"46","GAAAAGGGTTCCGCGCCGACTTAAAGGCTT","-0.0737805962562561","0.625271439552307","0.223038285970688","0.15507547557354"
"47","GACCCTACTTCGGTGTAAGTCAATTGGTTC","-0.231653958559036","0.529938697814941","-0.0624271035194397","-0.0285673707723617"
"48","GCTTTGCAACCGAAAACCCACACATGGTAG","0.937127947807312","0.856585621833801","0.919078350067139","0.915604603290558"
"49","CTTACAACATTGGGAGGGTAGCGGGGGTTC","0.829705715179443","1.0416841506958","0.195652812719345","0.681885531544685"
"50","TGTTCGAACCCTTGTTTGATAACTTGGTTC","-0.0454107820987701","0.470310688018799","-0.017846941947937","0.0660026639699936"
"51","AATTTCATCGTTAATTCTACTCTGTGGTTA","1.09857380390167","1.04556155204773","0.675501048564911","0.961049526929855"
"52","AAACCAACTCCTGAGTTCTTGAGACGGCGT","0.703614354133606","0.777846217155457","0.2022385597229","0.568047988414764"
"53","CTGGCTGATCTGGCAATCACAGCATGGTAT","0.707224607467651","0.946233749389648","0.525752305984497","0.700584745407104"
"54","CATTTACACAGAAAGACACTGGGGTGGATT","1.09172964096069","1.0080099105835","0.509178757667542","0.900220429897308"
"55","AACGTAAGCAAAGGGGGACTCCCTGGGTTA","0.800547122955322","0.4006387591362","0.587527632713318","0.656659603118896"
"56","AGAGGGATGCGGCAGGGGTCTGTAAGGAAA","0.657729864120483","0.740663707256317","0.654210925102234","0.673260951042175"
"57","AGTAAAGAATGCCTCAGTTAAACTCGGATG","0.346742540597916","0.488878846168518","0.00742492079734802","0.273374515771866"
"58","AACATCGTAAGATTGTCGCCTGTGTGGGTC","0.78579306602478","0.33956840634346","0.730483293533325","0.67995520234108"
"59","TCATAATGGGGTTTGTGGCGTAACTGGTGA","-0.0395986139774323","0.264901280403137","0.0610970258712769","0.0515100568532944"
"60","AACTGGACGAACTGAAGAGATGCGTGGAGG","1.14057743549347","1.13917911052704","0.949956655502319","1.08311153650284"
"61","TCTCGTAGTGTTGCCGCCCTCCGTCGGTCG","1.06127190589905","1.01797020435333","0.685761332511902","0.939958393573761"
"62","CAACGCTTAAGGGCGTCGTACGCTTGGTTG","0.360889256000519","0.41789498925209","0.0904712975025177","0.291165015101433"
"63","TATTTCTTACCATTACGTCTTGTGAGGTCT","0.61241352558136","0.477324604988098","0.775116086006165","0.634206509590149"
"64","TCCTCGGAAGTGATTCATCCGTACAGGATC","0.502437353134155","0.524080514907837","0.146137028932571","0.399875888228416"
"65","GGATGAATCAGTTACTCAAGTCACGGGTAA","0.884818434715271","0.846226453781128","0.481972217559814","0.756246173381805"
"66","TTTGGAACCAGATCTTGACCTGGGTGGAAG","0.699308574199677","1.08829295635223","0.816011905670166","0.812116450071335"
"67","TGCGACAAGACAAAACCTTAGAGCTGGCCA","1.02531754970551","0.539856195449829","0.558155715465546","0.788076728582382"
"68","AGCTTCCAGAACGTAGAAATCCGATGGTCG","0.996236562728882","0.785525321960449","0.806915581226349","0.897298020124435"
"69","TAATTTAGACTTACCTCTTGTGACAGGTAA","0.202988713979721","0.21344792842865","0.316142618656158","0.239026728272438"
"70","CCACCACCCGACAGCTCCCATACCCGGTAT","0.647913336753845","0.609267473220825","0.24023562669754","0.51788085103035"
"71","GGGGAGGAGGGAGTCCTGGAGGGTGGGGCA","0.791313707828522","0.0246096551418304","0.446735292673111","0.53459937274456"
"72","ACATCTTCCCTCCTCCTCCGCAGCCGGACT","0.168280869722366","0.12605319917202","-0.0141341686248779","0.105110824108124"
